candidate_rank,acquisition_category,Formula,n_elements,PGM_total_at,max_element_at,pred_tafel_slope,pred_tafel_std,LCB_tafel,UCB_tafel,expected_improvement,nn_distance_magpie,nn_distance_percentile_vs_train,domain_label,nearest_training_formula,nearest_training_tafel_slope,nearest_training_DOI,Ag,Al,Au,Co,Cr,Cu,Fe,Ir,Mg,Mn,Mo,Ni,Pd,Pt,Rh,Ru,W,Zn
1,exploitation_low_LCB,Co25Cu30Mo25Ni20,4,0.0,30.0,34.94438724980082,35.42613726301772,-0.48175001321690303,70.37052451281855,6.061253569138279,1.1176284494552884,75.0,interpolation,Co25Fe19Mo18Ni24W14,47.0,10.1021/acssuschemeng.2c06888,0.0,0.0,0.0,25.0,0.0,30.0,0.0,0.0,0.0,0.0,25.0,20.0,0.0,0.0,0.0,0.0,0.0,0.0
2,exploitation_low_LCB,Al45Fe25Mo20Rh10,4,10.0,45.0,38.53760260243155,36.765969434198595,1.7716331682329525,75.30357203663014,5.549257216716181,0.8190382638672266,67.77777777777779,interpolation,Co22Cu18Mg19Ni22Zn18,36.1,10.1016/j.cej.2021.132883,0.0,45.0,0.0,0.0,0.0,0.0,25.0,0.0,0.0,0.0,20.0,0.0,0.0,0.0,10.0,0.0,0.0,0.0
3,exploitation_low_LCB,Ag25Au30Co25Mo20,4,0.0,30.0,53.61588797264417,43.65660710390495,9.959280868739214,97.27249507654912,4.324994960558913,1.686274960776822,90.0,interpolation,Co22Fe17Mg13Ni30Pt18,43.0,10.1021/acsanm.2c02003,25.0,0.0,30.0,25.0,0.0,0.0,0.0,0.0,0.0,0.0,20.0,0.0,0.0,0.0,0.0,0.0,0.0,0.0
4,exploitation_low_LCB,Ag20Co55Mg25,3,0.0,55.0,47.47407412889799,37.14929288966885,10.32478123922914,84.62336701856684,3.723642247706163,0.7350470764372453,65.55555555555556,interpolation,Co22Cr13Fe17Ni30Pt18,59.0,10.1021/acsanm.2c02003,20.0,0.0,0.0,55.0,0.0,0.0,0.0,0.0,25.0,0.0,0.0,0.0,0.0,0.0,0.0,0.0,0.0,0.0
5,exploitation_low_LCB,Ag20Co20Mo30Ni30,4,0.0,30.0,36.30513981066302,36.31740268608043,-0.012262875417405894,72.62254249674345,5.985809834871002,1.4342537786806202,85.0,interpolation,Al25Cu25Mo25Ni25,58.0,10.1002/adfm.202009613,20.0,0.0,0.0,20.0,0.0,0.0,0.0,0.0,0.0,0.0,30.0,30.0,0.0,0.0,0.0,0.0,0.0,0.0
6,exploitation_low_LCB,Ag25Fe30Ni35Pt10,4,10.0,35.0,39.99840172664206,39.62962163133508,0.3687800953069811,79.62802335797713,6.095918382779801,1.1957543816515805,80.0,interpolation,Co22Cr13Fe17Ni30Pt18,59.0,10.1021/acsanm.2c02003,25.0,0.0,0.0,0.0,0.0,0.0,30.0,0.0,0.0,0.0,0.0,35.0,0.0,10.0,0.0,0.0,0.0,0.0
7,exploitation_low_LCB,Co15Mo35Ni40Pt10,4,10.0,40.0,40.27679348817992,38.99381159393014,1.2829818942497795,79.27060508211005,5.822123805560698,0.926899660023056,70.55555555555556,interpolation,Co23Cu18Mg19Ni23Zn18,39.2,10.1016/j.cej.2021.132883,0.0,0.0,0.0,15.0,0.0,0.0,0.0,0.0,0.0,0.0,35.0,40.0,0.0,10.0,0.0,0.0,0.0,0.0
8,exploitation_low_LCB,Mn20Ni60W20,3,0.0,60.0,45.43411487234605,36.07592675963733,9.358188112708717,81.51004163198338,3.8174832933070517,0.7058171689953822,65.0,interpolation,Ag6Al22Au6Co6Cu6Fe6Ir6Mo6Ni6Pd6Pt6Rh6Ru6,35.1,10.1039/d1sc01981c,0.0,0.0,0.0,0.0,0.0,0.0,0.0,0.0,0.0,20.0,0.0,60.0,0.0,0.0,0.0,0.0,20.0,0.0
9,exploitation_low_LCB,Ag20Co20Mo20Ni40,4,0.0,40.0,37.232012825780245,36.701602859899936,0.5304099658803096,73.93361568568018,5.865038818504443,0.6185070423841353,60.55555555555555,interpolation,Al19Co23Ir23Mo13Ni21,33.2,10.1002/smll.201904180,20.0,0.0,0.0,20.0,0.0,0.0,0.0,0.0,0.0,0.0,20.0,40.0,0.0,0.0,0.0,0.0,0.0,0.0
10,exploitation_low_LCB,Al25Fe15Mo25Ni25Pt10,5,10.0,25.0,42.49487206784009,39.7741245438463,2.7207475239937935,82.26899661168639,5.5265708122478525,0.9442700737538452,72.22222222222221,interpolation,Ag6Al22Au6Co6Cu6Fe6Ir6Mo6Ni6Pd6Pt6Rh6Ru6,35.1,10.1039/d1sc01981c,0.0,25.0,0.0,0.0,0.0,0.0,15.0,0.0,0.0,0.0,25.0,25.0,0.0,10.0,0.0,0.0,0.0,0.0
11,exploitation_low_LCB,Ag30Co30Ni30Pt10,4,10.0,30.0,44.63161333716539,41.65560344121964,2.976009895945751,86.28721677838503,5.6034503305774965,1.52011245853517,87.77777777777777,interpolation,Cu31Fe5Mo9Ni20Pt34Ru1,27.0,10.1002/smll.202204255,30.0,0.0,0.0,30.0,0.0,0.0,0.0,0.0,0.0,0.0,0.0,30.0,0.0,10.0,0.0,0.0,0.0,0.0
12,exploitation_low_LCB,Co20Cu15Mo20Ni35Pt10,5,10.0,35.0,37.752310129963995,37.04279412756716,0.7095160023968319,74.79510425753116,5.8398206180165,0.8031364293315361,67.22222222222223,interpolation,Co22Fe17Ni30Pt18W13,46.0,10.1021/acsanm.2c02003,0.0,0.0,0.0,20.0,0.0,15.0,0.0,0.0,0.0,0.0,20.0,35.0,0.0,10.0,0.0,0.0,0.0,0.0
13,exploitation_low_LCB,Co20Cu15Mo20Ni35Pd10,5,10.0,35.0,41.392104477012865,38.343270509939074,3.04883396707379,79.73537498695194,5.346179088703055,0.7599975654517803,67.22222222222223,interpolation,Co20Cu20Fe20Mo20Ni20,125.0,10.1021/acsaem.3c03227,0.0,0.0,0.0,20.0,0.0,15.0,0.0,0.0,0.0,0.0,20.0,35.0,10.0,0.0,0.0,0.0,0.0,0.0
14,exploitation_low_LCB,Co25Cu15Mo20Ni30Rh10,5,10.0,30.0,37.11867608341243,35.066547727839655,2.0521283555727763,72.18522381125209,5.3649516429685695,0.530233650520581,52.77777777777778,interpolation,Co36Fe12Mo9Ni30W13,80.0,10.1021/acssuschemeng.2c06888,0.0,0.0,0.0,25.0,0.0,15.0,0.0,0.0,0.0,0.0,20.0,30.0,0.0,0.0,10.0,0.0,0.0,0.0
15,exploitation_low_LCB,Co20Cu10Mo35Ni35,4,0.0,35.0,35.45114015766228,33.99876204969205,1.4523781079702331,69.44990220735433,5.4515703315908866,1.2867835168292907,82.22222222222221,interpolation,Al17Au17Cu17Ni17Pd17Pt16,47.0,10.1039/c9ta00505f,0.0,0.0,0.0,20.0,0.0,10.0,0.0,0.0,0.0,0.0,35.0,35.0,0.0,0.0,0.0,0.0,0.0,0.0
16,exploitation_low_LCB,Ag20Co10Mo30Ni40,4,0.0,40.0,36.184222801763944,36.22510654992961,-0.040883748165668976,72.40932935169356,5.9879300598426,0.5861773431131104,57.22222222222222,interpolation,Al1Co13Cu23Fe14Mn4Ni45,56.9,10.1002/smtd.202301691,20.0,0.0,0.0,10.0,0.0,0.0,0.0,0.0,0.0,0.0,30.0,40.0,0.0,0.0,0.0,0.0,0.0,0.0
17,exploitation_low_LCB,Al35Mn25Mo20Rh10Ru10,5,20.0,35.0,41.390443446549,37.503588607313986,3.8868548392350135,78.89403205386299,5.088503556949317,0.6970918155727348,65.0,interpolation,Al20Co20Fe20Ni20Ru20,48.9,10.1021/acsmaterialslett.0c00434,0.0,35.0,0.0,0.0,0.0,0.0,0.0,0.0,0.0,25.0,20.0,0.0,0.0,0.0,10.0,10.0,0.0,0.0
18,exploitation_low_LCB,Co15Mo40Ni45,3,0.0,45.0,42.257892768435056,37.830900442174574,4.426992326260482,80.08879321060962,4.988341728764312,0.7486403061711459,67.22222222222223,interpolation,Co20Cr20Fe20Mo20Ni20,46.09,10.1002/asia.202300456,0.0,0.0,0.0,15.0,0.0,0.0,0.0,0.0,0.0,0.0,40.0,45.0,0.0,0.0,0.0,0.0,0.0,0.0
19,exploitation_low_LCB,Co40Cu30Ir10Mo20,4,10.0,40.0,41.70263678498483,38.27699432414774,3.4256424608370892,79.97963110913258,5.252460496105103,1.105214910565479,75.0,interpolation,Ni49Pt21Rh30,35.1,10.1002/smll.202309819,0.0,0.0,0.0,40.0,0.0,30.0,0.0,10.0,0.0,0.0,20.0,0.0,0.0,0.0,0.0,0.0,0.0,0.0
20,exploitation_low_LCB,Co10Ir10Mo35Ni45,4,10.0,45.0,41.829239934187434,39.92242206302136,1.9068178711660764,81.7516619972088,5.732321858983801,1.1328663371607297,76.11111111111111,interpolation,Ag6Al22Au6Co6Cu6Fe6Ir6Mo6Ni6Pd6Pt6Rh6Ru6,35.1,10.1039/d1sc01981c,0.0,0.0,0.0,10.0,0.0,0.0,0.0,10.0,0.0,0.0,35.0,45.0,0.0,0.0,0.0,0.0,0.0,0.0
21,uncertainty_high_sigma,Au30Cu5Mo10Ni25W30,5,0.0,30.0,67.52542371428774,44.97706087128703,22.54836284300071,112.50248458557476,2.5751983044188576,2.1626546194646066,95.0,interpolation,Al20Co20Fe20Ni20Ru20,48.9,10.1021/acsmaterialslett.0c00434,0.0,0.0,30.0,0.0,0.0,5.0,0.0,0.0,0.0,0.0,10.0,25.0,0.0,0.0,0.0,0.0,30.0,0.0
22,uncertainty_high_sigma,Ag35Cu25Ni10W30,4,0.0,35.0,66.85258860530857,44.92251882807119,21.930069777237378,111.77510743337976,2.6440224291559096,2.1421754055098914,95.0,interpolation,Al33Cu33Ni33,148.0,10.1002/adfm.202009613,35.0,0.0,0.0,0.0,0.0,25.0,0.0,0.0,0.0,0.0,0.0,10.0,0.0,0.0,0.0,0.0,30.0,0.0
23,uncertainty_high_sigma,Au35Cu35Fe30,3,0.0,35.0,66.29390512296364,44.9468895246535,21.347015598310136,111.24079464761714,2.716528933046148,2.1548248822319227,95.0,interpolation,Co15Cu15Fe15Mn15Mo23Ni15,147.0,10.1021/acsaem.3c03227,0.0,0.0,35.0,0.0,0.0,35.0,30.0,0.0,0.0,0.0,0.0,0.0,0.0,0.0,0.0,0.0,0.0,0.0
24,uncertainty_high_sigma,Al30Au25Ni15W30,4,0.0,30.0,67.56152698517666,44.9762388221868,22.585288162989855,112.53776580736346,2.5708152785405787,2.1622237096948176,95.0,interpolation,Al17Co12Cu23Fe11Mn10Ni27,113.1,10.1002/smtd.202301691,0.0,30.0,25.0,0.0,0.0,0.0,0.0,0.0,0.0,0.0,0.0,15.0,0.0,0.0,0.0,0.0,30.0,0.0
25,uncertainty_high_sigma,Cu20Fe25W35Zn20,4,0.0,35.0,68.19134300994676,44.979254167956654,23.21208884199011,113.17059717790342,2.4986646944770134,2.1527018297948115,95.0,interpolation,Co6Mo8Pd34Pt27Rh25,38.9,10.1016/j.apcatb.2023.122814,0.0,0.0,0.0,0.0,0.0,20.0,25.0,0.0,0.0,0.0,0.0,0.0,0.0,0.0,0.0,0.0,35.0,20.0
26,uncertainty_high_sigma,Al30Cr20Fe25W25,4,0.0,30.0,65.9656928402227,44.929890827962836,21.035802012259865,110.89558366818554,2.7534449986386296,2.1628761417781974,95.0,interpolation,Co22Fe17Ni30Pt18W13,46.0,10.1021/acsanm.2c02003,0.0,30.0,0.0,0.0,20.0,0.0,25.0,0.0,0.0,0.0,0.0,0.0,0.0,0.0,0.0,0.0,25.0,0.0
27,uncertainty_high_sigma,Au35Fe25W40,3,0.0,40.0,67.4670947012689,44.9624718812084,22.504622820060504,112.4295665824773,2.5791602980600103,2.1443271186068773,95.0,interpolation,Co22Fe23Mn14Ni22Ru19,67.4,10.1038/s41467-022-30379-4,0.0,0.0,35.0,0.0,0.0,0.0,25.0,0.0,0.0,0.0,0.0,0.0,0.0,0.0,0.0,0.0,40.0,0.0
28,uncertainty_high_sigma,Ag30Au40Ni30,3,0.0,40.0,65.95555041581736,44.918849711829026,21.03670070398833,110.87440012764638,2.7524432867371296,2.146382975925567,95.0,interpolation,Co14Cu27Fe15Ni26Pt18,30.0,10.1038/s41467-020-19277-9,30.0,0.0,40.0,0.0,0.0,0.0,0.0,0.0,0.0,0.0,0.0,30.0,0.0,0.0,0.0,0.0,0.0,0.0
29,uncertainty_high_sigma,Ag25Au20Co20Cu5W30,5,0.0,30.0,66.18170237481303,44.936389377014855,21.245312997798173,111.11809175182788,2.7281473568134444,2.149541709834536,95.0,interpolation,Al10Co33Cr11Fe12Ni32W2,89.9,10.1016/j.nanoen.2023.108380,25.0,0.0,20.0,20.0,0.0,5.0,0.0,0.0,0.0,0.0,0.0,0.0,0.0,0.0,0.0,0.0,30.0,0.0
30,uncertainty_high_sigma,Al40Au30Mn30,3,0.0,40.0,68.35886821721913,44.969239907748616,23.38962830947051,113.32810812496774,2.4776792699144714,2.156525037866864,95.0,interpolation,Co20Fe20Mn20Mo20Ni20,175.0,10.1016/j.jcis.2023.05.074,0.0,40.0,30.0,0.0,0.0,0.0,0.0,0.0,0.0,30.0,0.0,0.0,0.0,0.0,0.0,0.0,0.0,0.0
31,uncertainty_high_sigma,Au45Fe45Pt10,3,10.0,45.0,66.68105042418198,44.92485225445949,21.756198169722488,111.60590267864146,2.6650877236642216,2.1623028699022115,95.0,interpolation,Cu24Fe26Ni25Pt10Rh15,29.8,10.1002/smll.202309819,0.0,0.0,45.0,0.0,0.0,0.0,45.0,0.0,0.0,0.0,0.0,0.0,0.0,10.0,0.0,0.0,0.0,0.0
32,uncertainty_high_sigma,Al35Au25Ni20W20,4,0.0,35.0,67.47856579526108,44.96883226114685,22.509733534114226,112.44739805640793,2.579067239303,2.1561103934380395,95.0,interpolation,Ag7Al23Au7Co7Cu7Fe7Ir7Ni7Pd7Pt7Rh7Ru7,38.3,10.1039/d1sc01981c,0.0,35.0,25.0,0.0,0.0,0.0,0.0,0.0,0.0,0.0,0.0,20.0,0.0,0.0,0.0,0.0,20.0,0.0
33,uncertainty_high_sigma,Ag25Au15Mg25Ni35,4,0.0,35.0,69.05873441044636,44.982695009349634,24.07603940109673,114.041429419796,2.401912874936791,2.155491970434926,95.0,interpolation,Co22Fe17Mg13Ni30Pt18,43.0,10.1021/acsanm.2c02003,25.0,0.0,15.0,0.0,0.0,0.0,0.0,0.0,25.0,0.0,0.0,35.0,0.0,0.0,0.0,0.0,0.0,0.0
34,uncertainty_high_sigma,Au35Ni30W35,3,0.0,35.0,67.68824777563411,44.97269018620599,22.715557589428123,112.66093796184009,2.55534877004664,2.147562646994915,95.0,interpolation,Co16Fe13Mo28Ni34W10,52.0,10.1021/acssuschemeng.2c06888,0.0,0.0,35.0,0.0,0.0,0.0,0.0,0.0,0.0,0.0,0.0,30.0,0.0,0.0,0.0,0.0,35.0,0.0
35,uncertainty_high_sigma,Ag60Ni30Pd10,3,10.0,60.0,65.69445410394935,44.884816149471916,20.809637954477438,110.57927025342127,2.7778996862173173,2.145409437512718,95.0,interpolation,Al10Co33Cr11Fe12Ni32W2,89.9,10.1016/j.nanoen.2023.108380,60.0,0.0,0.0,0.0,0.0,0.0,0.0,0.0,0.0,0.0,0.0,30.0,10.0,0.0,0.0,0.0,0.0,0.0
36,uncertainty_high_sigma,Au25Co20Cu25W30,4,0.0,30.0,66.07804510842149,44.93250825042697,21.14553685799452,111.01055335884845,2.740106992995025,2.150372541387279,95.0,interpolation,Co22Fe17Mg13Ni30Pt18,43.0,10.1021/acsanm.2c02003,0.0,0.0,25.0,20.0,0.0,25.0,0.0,0.0,0.0,0.0,0.0,0.0,0.0,0.0,0.0,0.0,30.0,0.0
37,uncertainty_high_sigma,Au40Mo40W20,3,0.0,40.0,66.71483251125397,44.69811168986519,22.01672082138878,111.41294420111916,2.6157370515101164,2.129461485121705,95.0,interpolation,Co23Cu18Mg19Ni23Zn18,39.2,10.1016/j.cej.2021.132883,0.0,0.0,40.0,0.0,0.0,0.0,0.0,0.0,0.0,0.0,40.0,0.0,0.0,0.0,0.0,0.0,20.0,0.0
38,uncertainty_high_sigma,Al25Ni30Pd10Pt10W25,5,20.0,30.0,68.2434902387722,44.90513530670375,23.338354932068448,113.14862554547594,2.4784457363554857,2.1203847671996496,95.0,interpolation,Co24Mn16Ni21Pd29Pt10,75.1,10.1002/adfm.202418644,0.0,25.0,0.0,0.0,0.0,0.0,0.0,0.0,0.0,0.0,0.0,30.0,10.0,10.0,0.0,0.0,25.0,0.0
39,uncertainty_high_sigma,Fe20Mn15Mo35W30,4,0.0,35.0,70.35835320624004,44.96793414868891,25.390419057551128,115.32628735492895,2.2591494687163145,2.15270959356273,95.0,interpolation,Co12Fe9Mn25Mo31Ni23,29.0,10.1016/j.cej.2022.134898,0.0,0.0,0.0,0.0,0.0,0.0,20.0,0.0,0.0,15.0,35.0,0.0,0.0,0.0,0.0,0.0,30.0,0.0
40,uncertainty_high_sigma,Fe25Ir5Mg30Ni40,4,5.0,40.0,68.10963892657398,44.9530521113166,23.156586815257377,113.06269103789057,2.5029369546307114,2.159641601365204,95.0,interpolation,Cu31Fe5Mo9Ni20Pt34Ru1,27.0,10.1002/smll.202204255,0.0,0.0,0.0,0.0,0.0,0.0,25.0,5.0,30.0,0.0,0.0,40.0,0.0,0.0,0.0,0.0,0.0,0.0
41,uncertainty_high_sigma,Co15Mg20Mo25Ni30Ru10,5,10.0,30.0,68.02449374774032,44.95095243634628,23.073541311394045,112.97544618408659,2.512282436914873,2.1486901915081487,95.0,interpolation,Co24Mo17Ni24Ru7W28,36.0,10.1016/j.cej.2022.135375,0.0,0.0,0.0,15.0,0.0,0.0,0.0,0.0,20.0,0.0,25.0,30.0,0.0,0.0,0.0,10.0,0.0,0.0
42,uncertainty_high_sigma,Al5Au20Cr35Ni40,4,0.0,40.0,67.97054211627963,44.9196445259189,23.050897590360734,112.89018664219853,2.512405766776584,2.1276219105964747,95.0,interpolation,Al25Cu25Mo25Ni25,58.0,10.1002/adfm.202009613,0.0,5.0,20.0,0.0,35.0,0.0,0.0,0.0,0.0,0.0,0.0,40.0,0.0,0.0,0.0,0.0,0.0,0.0
43,uncertainty_high_sigma,Ag20Cr45Mn35,3,0.0,45.0,70.27239426968102,44.96385702277025,25.308537246910767,115.23625129245127,2.2674509107487983,2.1596947109565092,95.0,interpolation,Co22Fe17Mg13Ni30Pt18,43.0,10.1021/acsanm.2c02003,20.0,0.0,0.0,0.0,45.0,0.0,0.0,0.0,0.0,35.0,0.0,0.0,0.0,0.0,0.0,0.0,0.0,0.0
44,uncertainty_high_sigma,Au25Cu50Zn25,3,0.0,50.0,67.39537124809408,44.87190501479586,22.523466233298223,112.26727626288994,2.569752172667318,2.1572170583000214,95.0,interpolation,Ag20Au20Cu20Pd20Pt20,33.0,10.1002/smtd.202400793,0.0,0.0,25.0,0.0,0.0,50.0,0.0,0.0,0.0,0.0,0.0,0.0,0.0,0.0,0.0,0.0,0.0,25.0
45,uncertainty_high_sigma,Ag35Au25Co30Ru10,4,10.0,35.0,66.63943387144154,44.88941792259196,21.75001594884958,111.5288517940335,2.662993419948676,2.11373444902568,95.0,interpolation,Co27Cu21Mo24Ni28,18.5,10.1016/j.apcatb.2022.122016,35.0,0.0,25.0,30.0,0.0,0.0,0.0,0.0,0.0,0.0,0.0,0.0,0.0,0.0,0.0,10.0,0.0,0.0
46,uncertainty_high_sigma,Au10Mn15Ni35W15Zn25,5,0.0,35.0,67.20743838601219,44.92890823448015,22.27853015153204,112.13634662049233,2.6030928331866976,2.162965160618118,95.0,interpolation,Co20Cr20Fe20Mo20Ni20,46.09,10.1002/asia.202300456,0.0,0.0,10.0,0.0,0.0,0.0,0.0,0.0,0.0,15.0,0.0,35.0,0.0,0.0,0.0,0.0,15.0,25.0
47,uncertainty_high_sigma,Ag25Fe15Mo20Pd10W30,5,10.0,30.0,67.06791320495972,44.9371235128047,22.13078969215502,112.00503671776443,2.6212531059578126,2.1336344656909674,95.0,interpolation,Co15Cu15Fe15Mn15Mo23Ni15,147.0,10.1021/acsaem.3c03227,25.0,0.0,0.0,0.0,0.0,0.0,15.0,0.0,0.0,0.0,20.0,0.0,10.0,0.0,0.0,0.0,30.0,0.0
48,uncertainty_high_sigma,Au30Co15Cu25Fe10W20,5,0.0,30.0,66.09383124056937,44.891859062212276,21.201972178357096,110.98569030278165,2.7298864234353735,2.1480723342810406,95.0,interpolation,Al10Co33Cr11Fe12Ni32W2,89.9,10.1016/j.nanoen.2023.108380,0.0,0.0,30.0,15.0,0.0,25.0,10.0,0.0,0.0,0.0,0.0,0.0,0.0,0.0,0.0,0.0,20.0,0.0
49,uncertainty_high_sigma,Cr25Cu60Ni15,3,0.0,60.0,70.3480506903383,44.91083501449633,25.43721567584197,115.25888570483463,2.2498532191740397,2.1040926256222643,95.0,interpolation,Co20Cr20Fe20Mo20Ni20,46.09,10.1002/asia.202300456,0.0,0.0,0.0,0.0,25.0,60.0,0.0,0.0,0.0,0.0,0.0,15.0,0.0,0.0,0.0,0.0,0.0,0.0
50,uncertainty_high_sigma,Co20Mg15Mn25Ni40,4,0.0,40.0,67.8213130462497,44.92870619726612,22.892606848983576,112.75001924351582,2.531346229311348,2.1544847261287385,95.0,interpolation,Co24Mo17Ni24Ru7W28,36.0,10.1016/j.cej.2022.135375,0.0,0.0,0.0,20.0,0.0,0.0,0.0,0.0,15.0,25.0,0.0,40.0,0.0,0.0,0.0,0.0,0.0,0.0
51,diversity_maximin,Al20Au40Zn40,3,0.0,40.0,67.00764323725822,44.74625174229107,22.26139149496715,111.7538949795493,2.5905590643583105,2.1606632597291227,95.0,interpolation,Co14Cu27Fe15Ni26Pt18,30.0,10.1038/s41467-020-19277-9,0.0,20.0,40.0,0.0,0.0,0.0,0.0,0.0,0.0,0.0,0.0,0.0,0.0,0.0,0.0,0.0,0.0,40.0
52,diversity_maximin,Fe30Ir10Zn60,3,10.0,60.0,62.99123953911818,44.108628018517024,18.88261152060116,107.0998675576352,2.9632595751235113,1.9387492296444773,92.77777777777779,interpolation,Al20Co20Mo20Ni20Ru20,30.3,10.1021/acsmaterialslett.0c00434,0.0,0.0,0.0,0.0,0.0,0.0,30.0,10.0,0.0,0.0,0.0,0.0,0.0,0.0,0.0,0.0,0.0,60.0
53,diversity_maximin,Co15Mo20W30Zn35,4,0.0,35.0,65.97330984546008,44.65854770574299,21.31476213971709,110.63185755120307,2.6972824417319226,2.1618396414308467,95.0,interpolation,Al19Co23Ir23Mo13Ni21,33.2,10.1002/smll.201904180,0.0,0.0,0.0,15.0,0.0,0.0,0.0,0.0,0.0,0.0,20.0,0.0,0.0,0.0,0.0,0.0,30.0,35.0
54,diversity_maximin,Au45Cu10Ni45,3,0.0,45.0,62.18406201403219,44.755137968436706,17.428924045595487,106.93919998246889,3.215751117214735,2.088543355538852,94.44444444444444,interpolation,Co24Mo17Ni24Ru7W28,36.0,10.1016/j.cej.2022.135375,0.0,0.0,45.0,0.0,0.0,10.0,0.0,0.0,0.0,0.0,0.0,45.0,0.0,0.0,0.0,0.0,0.0,0.0
55,diversity_maximin,Al30Au20Co10Fe35Ir5,5,5.0,35.0,65.88291550339028,44.76517159773031,21.11774390565997,110.64808710112058,2.7300479624618808,2.007714966068524,93.33333333333333,interpolation,Co22Cu17Mg20Ni22Zn18,44.7,10.1016/j.cej.2021.132883,0.0,30.0,20.0,10.0,0.0,0.0,35.0,5.0,0.0,0.0,0.0,0.0,0.0,0.0,0.0,0.0,0.0,0.0
56,diversity_maximin,Al15Cu10Mg25Zn50,4,0.0,50.0,67.29191864986758,44.69796469029337,22.593953959574215,111.98988334016096,2.5476982327011912,2.1277157536226867,95.0,interpolation,Ag6Al22Au6Co6Cu6Fe6Ir6Mo6Ni6Pd6Pt6Rh6Ru6,35.1,10.1039/d1sc01981c,0.0,15.0,0.0,0.0,0.0,10.0,0.0,0.0,25.0,0.0,0.0,0.0,0.0,0.0,0.0,0.0,0.0,50.0
57,diversity_maximin,Au40Cu35Fe25,3,0.0,40.0,65.18019263806775,44.76886986360984,20.411322774457915,109.94906250167759,2.8185413756088034,2.0630965086592035,93.33333333333333,interpolation,Co22Fe17Mg13Ni30Pt18,43.0,10.1021/acsanm.2c02003,0.0,0.0,40.0,0.0,0.0,35.0,25.0,0.0,0.0,0.0,0.0,0.0,0.0,0.0,0.0,0.0,0.0,0.0
58,diversity_maximin,Au25Cu25Mo25Ni25,4,0.0,25.0,59.765544420308856,44.1291008376644,15.636443582644453,103.89464525797325,3.424257612414392,2.0140664944326714,93.33333333333333,interpolation,Co27Mn30Ni21Pt22,79.6,10.1002/adfm.202418644,0.0,0.0,25.0,0.0,0.0,25.0,0.0,0.0,0.0,0.0,25.0,25.0,0.0,0.0,0.0,0.0,0.0,0.0
59,diversity_maximin,Ni50Pt10Zn40,3,10.0,50.0,68.51832414783163,44.880298246902655,23.63802590092898,113.39862239473429,2.4426648875165853,2.1533192632659097,95.0,interpolation,Co22Cu18Mg19Ni22Zn18,36.1,10.1016/j.cej.2021.132883,0.0,0.0,0.0,0.0,0.0,0.0,0.0,0.0,0.0,0.0,0.0,50.0,0.0,10.0,0.0,0.0,0.0,40.0
60,diversity_maximin,Ag15Al20Cu35Fe10Mg20,5,0.0,35.0,66.35541633489514,44.71877572649063,21.636640608404512,111.07419206138576,2.6629952211510224,2.1632449930541338,95.0,interpolation,Co22Cu18Mg19Ni22Zn18,36.1,10.1016/j.cej.2021.132883,15.0,20.0,0.0,0.0,0.0,35.0,10.0,0.0,20.0,0.0,0.0,0.0,0.0,0.0,0.0,0.0,0.0,0.0
61,diversity_maximin,Ag50Co20Mo30,3,0.0,50.0,65.86896893999482,44.78978722478516,21.079181715209657,110.65875616477997,2.736787512503052,2.1504740790340304,95.0,interpolation,Co25Cr25Fe25Ni25,65.72,10.1002/asia.202300456,50.0,0.0,0.0,20.0,0.0,0.0,0.0,0.0,0.0,0.0,30.0,0.0,0.0,0.0,0.0,0.0,0.0,0.0
62,diversity_maximin,Ag20Cr25Fe25Ni30,4,0.0,30.0,64.62653306087904,44.32686554481794,20.2996675160611,108.95339860569698,2.7968351896551296,1.9069498255715636,92.77777777777779,interpolation,Co22Fe17Mg13Ni30Pt18,43.0,10.1021/acsanm.2c02003,20.0,0.0,0.0,0.0,25.0,0.0,25.0,0.0,0.0,0.0,0.0,30.0,0.0,0.0,0.0,0.0,0.0,0.0
63,diversity_maximin,Au35Co35W30,3,0.0,35.0,66.41185522558047,44.70205249052423,21.709802735056236,111.1139077161047,2.652825908510243,2.062978913327382,93.33333333333333,interpolation,Co24Mo17Ni24Ru7W28,36.0,10.1016/j.cej.2022.135375,0.0,0.0,35.0,35.0,0.0,0.0,0.0,0.0,0.0,0.0,0.0,0.0,0.0,0.0,0.0,0.0,30.0,0.0
64,diversity_maximin,Co20Cu40Pt10Zn30,4,10.0,40.0,65.44006889042794,44.6115629305666,20.82850595986134,110.05163182099454,2.753472951953886,1.934269022400188,92.77777777777779,interpolation,Al10Co9Cu36Fe8Mn6Ni31,112.4,10.1002/smtd.202301691,0.0,0.0,0.0,20.0,0.0,40.0,0.0,0.0,0.0,0.0,0.0,0.0,0.0,10.0,0.0,0.0,0.0,30.0
65,diversity_maximin,Ag20Al20Au20Cr20Cu20,5,0.0,20.0,66.19464567264143,44.83064603634349,21.36399963629794,111.02529170898492,2.7051045003905676,2.016830375079999,93.33333333333333,interpolation,Ni49Pt21Rh30,35.1,10.1002/smll.202309819,20.0,20.0,20.0,0.0,20.0,20.0,0.0,0.0,0.0,0.0,0.0,0.0,0.0,0.0,0.0,0.0,0.0,0.0
66,diversity_maximin,Co20Ni25Rh5W50,4,5.0,50.0,66.13123962823109,44.60378675903873,21.52745286919236,110.73502638726981,2.6669875785511996,1.7523622857952013,91.66666666666666,interpolation,Co27Mn30Ni21Pt22,79.6,10.1002/adfm.202418644,0.0,0.0,0.0,20.0,0.0,0.0,0.0,0.0,0.0,0.0,0.0,25.0,0.0,0.0,5.0,0.0,50.0,0.0
67,diversity_maximin,Ag30Cu40Fe20Zn10,4,0.0,40.0,65.65497393849243,44.78122124395052,20.873752694541913,110.43619518244296,2.761546326930011,2.1467026787553176,95.0,interpolation,Co36Cr15Fe20Mo10Ni19,66.0,10.1016/j.electacta.2018.05.035,30.0,0.0,0.0,0.0,0.0,40.0,20.0,0.0,0.0,0.0,0.0,0.0,0.0,0.0,0.0,0.0,0.0,10.0
68,diversity_maximin,Ag15Au10Co20Cu35Mo20,5,0.0,35.0,65.86873706578181,44.70693587398779,21.161801191794027,110.5756729397696,2.719932759523176,2.0751947114448654,93.88888888888889,interpolation,Co14Cu27Fe15Ni26Pt18,30.0,10.1038/s41467-020-19277-9,15.0,0.0,10.0,20.0,0.0,35.0,0.0,0.0,0.0,0.0,20.0,0.0,0.0,0.0,0.0,0.0,0.0,0.0
69,diversity_maximin,Ag20Co25Ir10Mg10Zn35,5,10.0,35.0,65.89090375054225,44.62326729376599,21.26763645677626,110.51417104430824,2.700210295527685,2.0828284461260287,93.88888888888889,interpolation,Ag6Al22Au6Co6Cu6Fe6Ir6Mo6Ni6Pd6Pt6Rh6Ru6,35.1,10.1039/d1sc01981c,20.0,0.0,0.0,25.0,0.0,0.0,0.0,10.0,10.0,0.0,0.0,0.0,0.0,0.0,0.0,0.0,0.0,35.0
70,diversity_maximin,Al10Au35Cu35Mn10Rh10,5,10.0,35.0,65.06553176114392,44.4259820763059,20.639549684838016,109.49151383744982,2.7620574555727018,1.9799567196574908,93.33333333333333,interpolation,Co50Fe11Mn8Ni16W15,31.0,10.1016/j.cej.2022.137452,0.0,10.0,35.0,0.0,0.0,35.0,0.0,0.0,0.0,10.0,0.0,0.0,0.0,0.0,10.0,0.0,0.0,0.0
71,diversity_maximin,Ag25Ni30Pd10Ru10Zn25,5,20.0,30.0,65.60361634193077,44.798689932867546,20.804926409063228,110.40230627479832,2.7715275088861944,2.101299721492007,95.0,interpolation,Co22Cu18Mg19Ni22Zn18,36.1,10.1016/j.cej.2021.132883,25.0,0.0,0.0,0.0,0.0,0.0,0.0,0.0,0.0,0.0,0.0,30.0,10.0,0.0,0.0,10.0,0.0,25.0
72,diversity_maximin,Mn35W35Zn30,3,0.0,35.0,62.21326481170925,43.9605150839353,18.252749727773953,106.17377989564454,3.036041135918862,2.100502143521493,95.0,interpolation,Co32Cu35Fe28Pd6,107.5,10.1016/j.apcatb.2022.121472,0.0,0.0,0.0,0.0,0.0,0.0,0.0,0.0,0.0,35.0,0.0,0.0,0.0,0.0,0.0,0.0,35.0,30.0
73,diversity_maximin,Cu15Ni50W35,3,0.0,50.0,65.8136675766446,44.79515143165452,21.018516144990087,110.60881900829912,2.7447159553428797,2.089230099371817,94.44444444444444,interpolation,Al17Co12Cu23Fe11Mn10Ni27,113.1,10.1002/smtd.202301691,0.0,0.0,0.0,0.0,0.0,15.0,0.0,0.0,0.0,0.0,0.0,50.0,0.0,0.0,0.0,0.0,35.0,0.0
74,diversity_maximin,Au10Cu35Ni25Pd10W20,5,10.0,35.0,66.95289627245396,44.70961506562725,22.24328120682671,111.6625113380812,2.5897780693238843,2.0724344437835747,93.88888888888889,interpolation,Al15Co11Cu27Fe10Mn9Ni28,135.6,10.1002/smtd.202301691,0.0,0.0,10.0,0.0,0.0,35.0,0.0,0.0,0.0,0.0,0.0,25.0,10.0,0.0,0.0,0.0,20.0,0.0
75,diversity_maximin,Cr25Mg20Mn25Zn30,4,0.0,30.0,66.96763804408317,44.69169085619654,22.275947187886636,111.65932890027972,2.584493367754156,2.1307253326465765,95.0,interpolation,Co22Cu18Mg19Ni22Zn18,36.1,10.1016/j.cej.2021.132883,0.0,0.0,0.0,0.0,25.0,0.0,0.0,0.0,20.0,25.0,0.0,0.0,0.0,0.0,0.0,0.0,0.0,30.0
76,diversity_maximin,Al20Au10Co20Fe30Mg20,5,0.0,30.0,66.85887747592305,44.59100048067949,22.26787699524356,111.44987795660253,2.5774231226424362,2.0126387038801496,93.33333333333333,interpolation,Co36Cr15Fe20Mo10Ni19,66.0,10.1016/j.electacta.2018.05.035,0.0,20.0,10.0,20.0,0.0,0.0,30.0,0.0,20.0,0.0,0.0,0.0,0.0,0.0,0.0,0.0,0.0,0.0
77,diversity_maximin,Al25Fe30Mg20Zn25,4,0.0,30.0,66.59356226012642,44.73897792937029,21.854584330756126,111.33254018949671,2.638380812073616,2.005095539903048,93.33333333333333,interpolation,Al37Co24Cr4Fe19Ni15,128.12,10.1016/j.ijhydene.2024.05.350,0.0,25.0,0.0,0.0,0.0,0.0,30.0,0.0,20.0,0.0,0.0,0.0,0.0,0.0,0.0,0.0,0.0,25.0
78,diversity_maximin,Co45Ni20W15Zn20,4,0.0,45.0,67.81407189889717,44.77504602093916,23.03902587795801,112.58911791983633,2.502337337067149,2.1592486602451904,95.0,interpolation,Co50Fe11Mn8Ni16W15,31.0,10.1016/j.cej.2022.137452,0.0,0.0,0.0,45.0,0.0,0.0,0.0,0.0,0.0,0.0,0.0,20.0,0.0,0.0,0.0,0.0,15.0,20.0
79,diversity_maximin,Ag40Al50Ir10,3,10.0,50.0,65.5967826171131,44.630941647115236,20.96584096999787,110.22772426422834,2.7379894083237337,1.91136439744239,92.77777777777779,interpolation,Co22Cu18Mg19Ni23Zn18,42.6,10.1016/j.cej.2021.132883,40.0,50.0,0.0,0.0,0.0,0.0,0.0,10.0,0.0,0.0,0.0,0.0,0.0,0.0,0.0,0.0,0.0,0.0
80,diversity_maximin,Au30Co20Fe25Ir10Ni15,5,10.0,30.0,65.61209561625557,44.79388811089722,20.81820750535835,110.4059837271528,2.769484045103275,2.1515276151575686,95.0,interpolation,Co18Cr14Cu28Fe22Ni18,62.0,10.1016/j.jmst.2023.05.040,0.0,0.0,30.0,20.0,0.0,0.0,25.0,10.0,0.0,0.0,0.0,15.0,0.0,0.0,0.0,0.0,0.0,0.0
81,frontier_informative,Au35Mo30Ru10W25,4,10.0,35.0,69.29302213578208,45.08162173480828,24.2114004009738,114.37464387059036,2.3947158711992813,2.8558100825220185,98.88888888888889,frontier,Ag7Al23Au7Co7Cu7Fe7Ir7Ni7Pd7Pt7Rh7Ru7,38.3,10.1039/d1sc01981c,0.0,0.0,35.0,0.0,0.0,0.0,0.0,0.0,0.0,0.0,30.0,0.0,0.0,0.0,0.0,10.0,25.0,0.0
82,frontier_informative,Ag45Au35Cu10Pd10,4,10.0,45.0,70.04083786644613,45.134327922114934,24.90650994433119,115.17516578856106,2.323330573254472,2.8798058423710904,98.88888888888889,frontier,Co36Cr15Fe20Mo10Ni19,66.0,10.1016/j.electacta.2018.05.035,45.0,0.0,35.0,0.0,0.0,10.0,0.0,0.0,0.0,0.0,0.0,0.0,10.0,0.0,0.0,0.0,0.0,0.0
83,frontier_informative,Au25Ni40Rh10Zn25,4,10.0,40.0,67.93486132012046,45.09856956119871,22.836291758921753,113.03343088131916,2.5513191525239414,2.8088081080082152,98.88888888888889,frontier,Al25Cu25Mo25Ni25,58.0,10.1002/adfm.202009613,0.0,0.0,25.0,0.0,0.0,0.0,0.0,0.0,0.0,0.0,0.0,40.0,0.0,0.0,10.0,0.0,0.0,25.0
84,frontier_informative,Au35Cu25Mo30Pd10,4,10.0,35.0,69.56859695945542,45.12703028886989,24.44156667058553,114.69562724832531,2.373040809262778,2.802468811317156,98.88888888888889,frontier,Al33Cu33Ni33,148.0,10.1002/adfm.202009613,0.0,0.0,35.0,0.0,0.0,25.0,0.0,0.0,0.0,0.0,30.0,0.0,10.0,0.0,0.0,0.0,0.0,0.0
85,frontier_informative,Au15Cu25Mo40Pd10Pt10,5,20.0,40.0,68.98581120562935,45.08079066779419,23.905020537835156,114.06660187342354,2.4285499689641314,2.8668176883932452,98.88888888888889,frontier,Co22Cr13Fe17Ni30Pt18,59.0,10.1021/acsanm.2c02003,0.0,0.0,15.0,0.0,0.0,25.0,0.0,0.0,0.0,0.0,40.0,0.0,10.0,10.0,0.0,0.0,0.0,0.0
86,frontier_informative,Ag20Au35Ir10Ni10W25,5,10.0,35.0,69.0256291203219,45.122050892270956,23.90357822805094,114.14768001259284,2.431942314385955,2.878790972045327,98.88888888888889,frontier,Co13Mn21Ni47Pd10Pt9,84.3,10.1002/adfm.202418644,20.0,0.0,35.0,0.0,0.0,0.0,0.0,10.0,0.0,0.0,0.0,10.0,0.0,0.0,0.0,0.0,25.0,0.0
87,frontier_informative,Al60Cr15W5Zn20,4,0.0,60.0,69.35927308102366,45.12238465232999,24.236888428693668,114.48165773335364,2.3950936380558705,2.8049268350754795,98.88888888888889,frontier,Co22Fe17Mg13Ni30Pt18,43.0,10.1021/acsanm.2c02003,0.0,60.0,0.0,0.0,15.0,0.0,0.0,0.0,0.0,0.0,0.0,0.0,0.0,0.0,0.0,0.0,5.0,20.0
88,frontier_informative,Au45Co15Ru10Zn30,4,10.0,45.0,69.18268061233503,45.12174178146864,24.06093883086639,114.30442239380368,2.414451122342479,2.859403388154679,98.88888888888889,frontier,Ag6Al22Au6Co6Cu6Fe6Ir6Mo6Ni6Pd6Pt6Rh6Ru6,35.1,10.1039/d1sc01981c,0.0,0.0,45.0,15.0,0.0,0.0,0.0,0.0,0.0,0.0,0.0,0.0,0.0,0.0,0.0,10.0,0.0,30.0
89,frontier_informative,Ag30Mo20W50,3,0.0,50.0,69.75744050033734,45.09385423129442,24.663586269042916,114.85129473163175,2.346347791856859,2.8968046774225114,98.88888888888889,frontier,Co15Cu15Fe15Mn15Mo23Ni15,147.0,10.1021/acsaem.3c03227,30.0,0.0,0.0,0.0,0.0,0.0,0.0,0.0,0.0,0.0,20.0,0.0,0.0,0.0,0.0,0.0,50.0,0.0
90,frontier_informative,Ag35Cu30Mo25Zn10,4,0.0,35.0,69.57784506379956,45.115479410819596,24.462365652979962,114.69332447461915,2.3698740147067747,2.8206685354661505,98.88888888888889,frontier,Co22Cu19Fe20Ni20Pt19,28.1,10.1038/s41467-023-44261-4,35.0,0.0,0.0,0.0,0.0,30.0,0.0,0.0,0.0,0.0,25.0,0.0,0.0,0.0,0.0,0.0,0.0,10.0
91,frontier_informative,Au30Co20Cu20Zn30,4,0.0,30.0,68.98846603768212,45.119133903953625,23.86933213372849,114.10759994163574,2.435528820207489,2.8634460873176906,98.88888888888889,frontier,Co22Cu17Mg20Ni22Zn18,44.7,10.1016/j.cej.2021.132883,0.0,0.0,30.0,20.0,0.0,20.0,0.0,0.0,0.0,0.0,0.0,0.0,0.0,0.0,0.0,0.0,0.0,30.0
92,frontier_informative,Ag25Cr30Cu20Mg15Ni10,5,0.0,30.0,69.86853456388484,45.11856997348344,24.749964590401397,114.98710453736828,2.338938168493521,2.8950788879521494,98.88888888888889,frontier,Co12Fe9Mn25Mo31Ni23,29.0,10.1016/j.cej.2022.134898,25.0,0.0,0.0,0.0,30.0,20.0,0.0,0.0,15.0,0.0,0.0,10.0,0.0,0.0,0.0,0.0,0.0,0.0
93,frontier_informative,Au20Mo40Zn40,3,0.0,40.0,69.72195897873557,45.10992833293849,24.612030645797084,114.83188731167405,2.3531768125104007,2.8170382028631082,98.88888888888889,frontier,Cu34Fe4Mo11Ni10Pt41,32.0,10.1002/smll.202204255,0.0,0.0,20.0,0.0,0.0,0.0,0.0,0.0,0.0,0.0,40.0,0.0,0.0,0.0,0.0,0.0,0.0,40.0
94,frontier_informative,Ag20Cu25Mo25W30,4,0.0,30.0,69.7647322277033,45.1317798053559,24.632952422347408,114.8965120330592,2.3526070161510484,2.830176119439957,98.88888888888889,frontier,Co17Cu17Fe17Mn17Mo17Ni17,139.0,10.1021/acsaem.3c03227,20.0,0.0,0.0,0.0,0.0,25.0,0.0,0.0,0.0,0.0,25.0,0.0,0.0,0.0,0.0,0.0,30.0,0.0
95,frontier_informative,Ag65Cu30Ir5,3,5.0,65.0,69.70715707764069,45.120799828302154,24.586357249338533,114.82795690594284,2.3568049275551655,2.8181264252928084,98.88888888888889,frontier,Al10Co9Cu36Fe8Mn6Ni31,112.4,10.1002/smtd.202301691,65.0,0.0,0.0,0.0,0.0,30.0,0.0,5.0,0.0,0.0,0.0,0.0,0.0,0.0,0.0,0.0,0.0,0.0
96,frontier_informative,Al30Ni35Zn35,3,0.0,35.0,73.15754541107407,45.141048362996926,28.01649704807714,118.298593774071,2.009703695175274,2.8654345484937744,98.88888888888889,frontier,Cu31Fe5Mo9Ni20Pt34Ru1,27.0,10.1002/smll.202204255,0.0,30.0,0.0,0.0,0.0,0.0,0.0,0.0,0.0,0.0,0.0,35.0,0.0,0.0,0.0,0.0,0.0,35.0
97,frontier_informative,Ag15Cr20Cu40Mg15Pt10,5,10.0,40.0,70.28938084630508,45.1180909225932,25.171289923711882,115.40747176889828,2.2938414302174888,2.821481493863561,98.88888888888889,frontier,Al25Co25Ni25Ru25,35.5,10.1021/acsmaterialslett.0c00434,15.0,0.0,0.0,0.0,20.0,40.0,0.0,0.0,15.0,0.0,0.0,0.0,0.0,10.0,0.0,0.0,0.0,0.0
98,frontier_informative,Cr25Mg35Mn40,3,0.0,40.0,70.09932072415157,45.119764202007815,24.979556522143753,115.21908492615938,2.3143862656337415,2.872296795662915,98.88888888888889,frontier,Co24Mo17Ni24Ru7W28,36.0,10.1016/j.cej.2022.135375,0.0,0.0,0.0,0.0,25.0,0.0,0.0,0.0,35.0,40.0,0.0,0.0,0.0,0.0,0.0,0.0,0.0,0.0
99,frontier_informative,Cu15Mo50Ni35,3,0.0,50.0,69.16321010803144,45.086070842537595,24.07713926549384,114.24928095056903,2.4098704706998406,2.9033557765014266,98.88888888888889,frontier,Co17Cu17Fe17Mn17Mo17Ni17,139.0,10.1021/acsaem.3c03227,0.0,0.0,0.0,0.0,0.0,15.0,0.0,0.0,0.0,0.0,50.0,35.0,0.0,0.0,0.0,0.0,0.0,0.0
100,frontier_informative,Ag20Al20Cr25Ir10Mo25,5,10.0,25.0,70.4216512192498,45.117138731000125,25.30451248824967,115.53878995024992,2.2796707313267763,2.8799927738431252,98.88888888888889,frontier,Co22Cu18Mg19Ni22Zn18,36.1,10.1016/j.cej.2021.132883,20.0,20.0,0.0,0.0,25.0,0.0,0.0,10.0,0.0,0.0,25.0,0.0,0.0,0.0,0.0,0.0,0.0,0.0
